patch	path
0001-core-ggml.patch	ggml/CMakeLists.txt
0001-core-ggml.patch	ggml/include/ggml-backend.h
0001-core-ggml.patch	ggml/src/CMakeLists.txt
0001-core-ggml.patch	ggml/src/ggml-alloc.c
0001-core-ggml.patch	ggml/src/ggml-backend-impl.h
0001-core-ggml.patch	ggml/src/ggml-backend-meta.cpp
0001-core-ggml.patch	ggml/src/ggml-backend-sched-impl.h
0001-core-ggml.patch	ggml/src/ggml-backend.cpp
0001-core-ggml.patch	ggml/src/ggml-blas/ggml-blas.cpp
0001-core-ggml.patch	ggml/src/ggml-cann/ggml-cann.cpp
0001-core-ggml.patch	ggml/src/ggml-cpu/ggml-cpu.cpp
0001-core-ggml.patch	ggml/src/ggml-et/ggml-et.cpp
0001-core-ggml.patch	ggml/src/ggml-hexagon/ggml-hexagon.cpp
0001-core-ggml.patch	ggml/src/ggml-impl.h
0001-core-ggml.patch	ggml/src/ggml-metal/ggml-metal.cpp
0001-core-ggml.patch	ggml/src/ggml-opencl/ggml-opencl.cpp
0001-core-ggml.patch	ggml/src/ggml-openvino/ggml-openvino.cpp
0001-core-ggml.patch	ggml/src/ggml-rpc/ggml-rpc.cpp
0001-core-ggml.patch	ggml/src/ggml-sycl/ggml-sycl.cpp
0001-core-ggml.patch	ggml/src/ggml-virtgpu/ggml-backend-device.cpp
0001-core-ggml.patch	ggml/src/ggml-vulkan/ggml-vulkan.cpp
0001-core-ggml.patch	ggml/src/ggml-webgpu/ggml-webgpu.cpp
0001-core-ggml.patch	ggml/src/ggml-zdnn/ggml-zdnn.cpp
0001-core-ggml.patch	ggml/src/ggml-zendnn/ggml-zendnn.cpp
0002-gpu-backends.patch	ggml/src/ggml-cuda/CMakeLists.txt
0002-gpu-backends.patch	ggml/src/ggml-cuda/allreduce.cu
0002-gpu-backends.patch	ggml/src/ggml-cuda/argmax.cu
0002-gpu-backends.patch	ggml/src/ggml-cuda/argsort.cu
0002-gpu-backends.patch	ggml/src/ggml-cuda/common.cuh
0002-gpu-backends.patch	ggml/src/ggml-cuda/dequantize.cuh
0002-gpu-backends.patch	ggml/src/ggml-cuda/fattn-common.cuh
0002-gpu-backends.patch	ggml/src/ggml-cuda/fattn-vec.cuh
0002-gpu-backends.patch	ggml/src/ggml-cuda/gated_delta_net.cu
0002-gpu-backends.patch	ggml/src/ggml-cuda/gated_delta_net_chunk.cu
0002-gpu-backends.patch	ggml/src/ggml-cuda/gated_delta_net_chunk.cuh
0002-gpu-backends.patch	ggml/src/ggml-cuda/getrows.cu
0002-gpu-backends.patch	ggml/src/ggml-cuda/getrows.cuh
0002-gpu-backends.patch	ggml/src/ggml-cuda/ggml-cuda.cu
0002-gpu-backends.patch	ggml/src/ggml-cuda/mmq-config-gfx906.cuh
0002-gpu-backends.patch	ggml/src/ggml-cuda/mmq-load-tiles.cuh
0002-gpu-backends.patch	ggml/src/ggml-cuda/mmq-vec-dot.cuh
0002-gpu-backends.patch	ggml/src/ggml-cuda/mmq.cu
0002-gpu-backends.patch	ggml/src/ggml-cuda/mmq.cuh
0002-gpu-backends.patch	ggml/src/ggml-cuda/mmvq.cu
0002-gpu-backends.patch	ggml/src/ggml-cuda/q8_repack/README.md
0002-gpu-backends.patch	ggml/src/ggml-cuda/q8_repack/buffer.cu
0002-gpu-backends.patch	ggml/src/ggml-cuda/q8_repack/mul-mat-id.cu
0002-gpu-backends.patch	ggml/src/ggml-cuda/q8_repack/mul-mat.cu
0002-gpu-backends.patch	ggml/src/ggml-cuda/q8_repack/repack-common.cu
0002-gpu-backends.patch	ggml/src/ggml-cuda/q8_repack/repack-common.cuh
0002-gpu-backends.patch	ggml/src/ggml-cuda/q8_repack/repack-kernels.cuh
0002-gpu-backends.patch	ggml/src/ggml-cuda/q8_repack/repack.cuh
0002-gpu-backends.patch	ggml/src/ggml-cuda/quantize.cu
0002-gpu-backends.patch	ggml/src/ggml-cuda/quantize.cuh
0002-gpu-backends.patch	ggml/src/ggml-cuda/softcap.cu
0002-gpu-backends.patch	ggml/src/ggml-cuda/softcap.cuh
0002-gpu-backends.patch	ggml/src/ggml-cuda/top-k.cu
0002-gpu-backends.patch	ggml/src/ggml-cuda/topk-moe.cu
0002-gpu-backends.patch	ggml/src/ggml-cuda/tp-allreduce.cu
0002-gpu-backends.patch	ggml/src/ggml-cuda/tp-allreduce.cuh
0002-gpu-backends.patch	ggml/src/ggml-cuda/vendors/hip.h
0002-gpu-backends.patch	ggml/src/ggml-cuda/vendors/musa.h
0002-gpu-backends.patch	ggml/src/ggml-hip/CMakeLists.txt
0003-model-runtime.patch	gguf-py/gguf/constants.py
0003-model-runtime.patch	gguf-py/gguf/tensor_mapping.py
0003-model-runtime.patch	include/llama.h
0003-model-runtime.patch	src/llama-arch.cpp
0003-model-runtime.patch	src/llama-arch.h
0003-model-runtime.patch	src/llama-context.cpp
0003-model-runtime.patch	src/llama-context.h
0003-model-runtime.patch	src/llama-cparams.h
0003-model-runtime.patch	src/llama-ext.h
0003-model-runtime.patch	src/llama-graph.cpp
0003-model-runtime.patch	src/llama-graph.h
0003-model-runtime.patch	src/llama-hparams.h
0003-model-runtime.patch	src/llama-kv-cache-dsv4.cpp
0003-model-runtime.patch	src/llama-kv-cache-dsv4.h
0003-model-runtime.patch	src/llama-kv-cache.cpp
0003-model-runtime.patch	src/llama-kv-cache.h
0003-model-runtime.patch	src/llama-memory-hybrid-iswa.cpp
0003-model-runtime.patch	src/llama-memory-hybrid-iswa.h
0003-model-runtime.patch	src/llama-memory-hybrid.cpp
0003-model-runtime.patch	src/llama-memory-hybrid.h
0003-model-runtime.patch	src/llama-memory-recurrent.cpp
0003-model-runtime.patch	src/llama-memory-recurrent.h
0003-model-runtime.patch	src/llama-memory.h
0003-model-runtime.patch	src/llama-model-loader.cpp
0003-model-runtime.patch	src/llama-model.cpp
0003-model-runtime.patch	src/llama-model.h
0003-model-runtime.patch	src/llama-vocab.cpp
0003-model-runtime.patch	src/llama.cpp
0003-model-runtime.patch	src/models/deepseek4.cpp
0003-model-runtime.patch	src/models/deepseek41.cpp
0003-model-runtime.patch	src/models/delta-net-base.cpp
0003-model-runtime.patch	src/models/dflash.cpp
0003-model-runtime.patch	src/models/mimo2.cpp
0003-model-runtime.patch	src/models/minimax-m2.cpp
0003-model-runtime.patch	src/models/models.h
0003-model-runtime.patch	src/models/qwen35.cpp
0003-model-runtime.patch	src/models/qwen35moe.cpp
0003-model-runtime.patch	src/models/qwen4exp.cpp
0004-common-tools.patch	common/arg.cpp
0004-common-tools.patch	common/common.cpp
0004-common-tools.patch	common/common.h
0004-common-tools.patch	common/speculative.cpp
0004-common-tools.patch	common/speculative.h
0004-common-tools.patch	examples/speculative/speculative.cpp
0004-common-tools.patch	tests/test-backend-ops.cpp
0004-common-tools.patch	tools/gguf-split/gguf-split.cpp
0004-common-tools.patch	tools/llama-bench/llama-bench.cpp
0004-common-tools.patch	tools/server/server-context.cpp
0005-build-harness.patch	CMakeLists.txt
0005-build-harness.patch	vr/CMakeLists.txt
0005-build-harness.patch	vr/test-gfx906-tp.cpp
